{"entities":{"pages":{"overview":{"id":"overview","title":"概览","url":"overview.html","level":0,"tabIndex":0},"basics":{"id":"basics","title":"基础理论","url":"basics.html","level":0,"pages":["basics-black_box","basics-testcase"],"tabIndex":1},"basics-black_box":{"id":"basics-black_box","title":"黑盒测试技术","url":"basics-black-box.html","level":1,"parentId":"basics","tabIndex":0},"basics-testcase":{"id":"basics-testcase","title":"测试用例","url":"basics-testcase.html","level":1,"parentId":"basics","tabIndex":1}}},"topLevelIds":["overview","basics"]}